categorie;theme;groupe_numerologie;groupe_titre;sous_groupe_numerologie;sous_groupe;lien_sous_groupe_schema;lien_sous_groupe_liste
1;L'entreprise et son management;11;Gestion de l'entreprise;111;ORGANISATION;https://aciege.org/Schm/Fra/FRA_111.html;https://aciege.org/CS/Fra/FRA_111.html
1;L'entreprise et son management;11;Gestion de l'entreprise;112;ENTREPRISE;https://aciege.org/Schm/Fra/FRA_112.html;https://aciege.org/CS/Fra/FRA_112.html
1;L'entreprise et son management;11;Gestion de l'entreprise;113;STRATEGIE;https://aciege.org/Schm/Fra/FRA_113.html;https://aciege.org/CS/Fra/FRA_113.html
1;L'entreprise et son management;12;Marketing;121;GESTION DU MARKETING;https://aciege.org/Schm/Fra/FRA_121.html;https://aciege.org/CS/Fra/FRA_121.html
1;L'entreprise et son management;12;Marketing;122;ETUDE DE MARCHE;https://aciege.org/Schm/Fra/FRA_122.html;https://aciege.org/CS/Fra/FRA_122.html
1;L'entreprise et son management;12;Marketing;123;DISTRIBUTION;https://aciege.org/Schm/Fra/FRA_123.html;https://aciege.org/CS/Fra/FRA_123.html
1;L'entreprise et son management;12;Marketing;124;VENTE;https://aciege.org/Schm/Fra/FRA_124.html;https://aciege.org/CS/Fra/FRA_124.html
1;L'entreprise et son management;12;Marketing;125;PUBLICITE;https://aciege.org/Schm/Fra/FRA_125.html;https://aciege.org/CS/Fra/FRA_125.html
1;L'entreprise et son management;13;Finance;131;FINANCE D'ENTREPRISE;https://aciege.org/Schm/Fra/FRA_131.html;https://aciege.org/CS/Fra/FRA_131.html
1;L'entreprise et son management;13;Finance;132;COMPTABILITE;https://aciege.org/Schm/Fra/FRA_132.html;https://aciege.org/CS/Fra/FRA_132.html
1;L'entreprise et son management;13;Finance;133;CONTROLE DE GESTION;https://aciege.org/Schm/Fra/FRA_133.html;https://aciege.org/CS/Fra/FRA_133.html
1;L'entreprise et son management;13;Finance;134;FINANCE DE MARCHE;https://aciege.org/Schm/Fra/FRA_134.html;https://aciege.org/CS/Fra/FRA_134.html
1;L'entreprise et son management;14;Production;141;GESTION DE LA PRODUCTION;https://aciege.org/Schm/Fra/FRA_141.html;https://aciege.org/CS/Fra/FRA_141.html
1;L'entreprise et son management;14;Production;142;TECHNIQUE INDUSTRIELLE;https://aciege.org/Schm/Fra/FRA_142.html;https://aciege.org/CS/Fra/FRA_142.html
1;L'entreprise et son management;14;Production;143;TRANSPORT;https://aciege.org/Schm/Fra/FRA_143.html;https://aciege.org/CS/Fra/FRA_143.html
1;L'entreprise et son management;15;Recherche;151;RECHERCHE ET DEVELOPPEMENT;https://aciege.org/Schm/Fra/FRA_151.html;https://aciege.org/CS/Fra/FRA_151.html
1;L'entreprise et son management;15;Recherche;152;TECHNOLOGIE;https://aciege.org/Schm/Fra/FRA_152.html;https://aciege.org/CS/Fra/FRA_152.html
1;L'entreprise et son management;16;Relations humaines;161;GESTION DES RESSOURCES HUMAINES;https://aciege.org/Schm/Fra/FRA_161.html;https://aciege.org/CS/Fra/FRA_161.html
1;L'entreprise et son management;16;Relations humaines;162;RELATIONS DU TRAVAIL;https://aciege.org/Schm/Fra/FRA_162.html;https://aciege.org/CS/Fra/FRA_162.html
1;L'entreprise et son management;16;Relations humaines;163;FORMATION;https://aciege.org/Schm/Fra/FRA_163.html;https://aciege.org/CS/Fra/FRA_163.html
1;L'entreprise et son management;16;Relations humaines;164;SCIENCE DU COMPORTEMENT;https://aciege.org/Schm/Fra/FRA_164.html;https://aciege.org/CS/Fra/FRA_164.html
1;L'entreprise et son management;16;Relations humaines;;;;
1;L'entreprise et son management;16;Relations humaines;;;;
1;L'entreprise et son management;16;Relations humaines;;;;
1;L'entreprise et son management;16;Relations humaines;;;;
1;L'entreprise et son management;16;Relations humaines;;;;
1;L'entreprise et son management;16;Relations humaines;;;;
1;L'entreprise et son management;16;Relations humaines;;;;
1;L'entreprise et son management;16;Relations humaines;;;;
2;Les outils pour gérer l'entreprise;21;Science des données;211;MATHEMATIQUES;https://aciege.org/Schm/Fra/FRA_211.html;https://aciege.org/CS/Fra/FRA_211.html
2;Les outils pour gérer l'entreprise;21;Science des données;212;STATISTIQUE;https://aciege.org/Schm/Fra/FRA_212.html;https://aciege.org/CS/Fra/FRA_212.html
2;Les outils pour gérer l'entreprise;21;Science des données;213;INFORMATIQUE;https://aciege.org/Schm/Fra/FRA_213.html;https://aciege.org/CS/Fra/FRA_213.html
2;Les outils pour gérer l'entreprise;22;Sciences et techniques de l'information;222;COMMUNICATION;https://aciege.org/Schm/Fra/FRA_222.html;https://aciege.org/CS/Fra/FRA_222.html
2;Les outils pour gérer l'entreprise;22;Sciences et techniques de l'information;223;SCIENCE DE L'INFORMATION;https://aciege.org/Schm/Fra/FRA_223.html;https://aciege.org/CS/Fra/FRA_223.html
2;Les outils pour gérer l'entreprise;22;Sciences et techniques de l'information;224;TIC;https://aciege.org/Schm/Fra/FRA_224.html;https://aciege.org/CS/Fra/FRA_224.html
3;Les Environnements de l'entreprise;31;Politique;311;ENVIRONNEMENT POLITIQUE;https://aciege.org/Schm/Fra/FRA_311.html;https://aciege.org/CS/Fra/FRA_311.html
3;Les Environnements de l'entreprise;32;Droit;321;DROIT;https://aciege.org/Schm/Fra/FRA_321.html;https://aciege.org/CS/Fra/FRA_321.html
3;Les Environnements de l'entreprise;32;Droit;322;DROIT COMMERCIAL;https://aciege.org/Schm/Fra/FRA_322.html;https://aciege.org/CS/Fra/FRA_322.html
3;Les Environnements de l'entreprise;32;Droit;323;DROIT CIVIL;https://aciege.org/Schm/Fra/FRA_323.html;https://aciege.org/CS/Fra/FRA_323.html
3;Les Environnements de l'entreprise;32;Droit;324;DROIT SOCIAL;https://aciege.org/Schm/Fra/FRA_324.html;https://aciege.org/CS/Fra/FRA_324.html
3;Les Environnements de l'entreprise;33;Economie;331;THEORIE ECONOMIQUE;https://aciege.org/Schm/Fra/FRA_331.html;https://aciege.org/CS/Fra/FRA_331.html
3;Les Environnements de l'entreprise;33;Economie;332;ECONOMIE POLITIQUE;https://aciege.org/Schm/Fra/FRA_332.html;https://aciege.org/CS/Fra/FRA_332.html
3;Les Environnements de l'entreprise;33;Economie;333;ECONOMIE INTERNATIONALE;https://aciege.org/Schm/Fra/FRA_333.html;https://aciege.org/CS/Fra/FRA_333.html
3;Les Environnements de l'entreprise;33;Economie;334;FISCALITE;https://aciege.org/Schm/Fra/FRA_334.html;https://aciege.org/CS/Fra/FRA_334.html
3;Les Environnements de l'entreprise;33;Economie;335;BANQUE ET MONNAIE;https://aciege.org/Schm/Fra/FRA_335.html;https://aciege.org/CS/Fra/FRA_335.html
3;Les Environnements de l'entreprise;34;Environnement naturel;341;ENERGIE;https://aciege.org/Schm/Fra/FRA_341.html;https://aciege.org/CS/Fra/FRA_341.html
3;Les Environnements de l'entreprise;34;Environnement naturel;342;PROTECTION DE L'ENVIRONNEMENT;https://aciege.org/Schm/Fra/FRA_342.html;https://aciege.org/CS/Fra/FRA_342.html
3;Les Environnements de l'entreprise;35;Société;351;ENVIRONNEMENT SOCIAL;https://aciege.org/Schm/Fra/FRA_351.html;https://aciege.org/CS/Fra/FRA_351.html
3;Les Environnements de l'entreprise;35;Société;352;DEMOGRAPHIE;https://aciege.org/Schm/Fra/FRA_352.html;https://aciege.org/CS/Fra/FRA_352.html
3;Les Environnements de l'entreprise;36;Culture;361;ENVIRONNEMENT CULTUREL ET ARTISTIQUE;https://aciege.org/Schm/Fra/FRA_361.html;https://aciege.org/CS/Fra/FRA_361.html
3;Les Environnements de l'entreprise;36;Culture;362;ENVIRONNEMENT SCIENTIFIQUE;https://aciege.org/Schm/Fra/FRA_362.html;https://aciege.org/CS/Fra/FRA_362.html
3;Les Environnements de l'entreprise;36;Culture;;;;
3;Les Environnements de l'entreprise;36;Culture;;;;
3;Les Environnements de l'entreprise;36;Culture;;;;
3;Les Environnements de l'entreprise;36;Culture;;;;
4;Listes outils;41;Listes;410;LANGUE VIVANTE;;https://aciege.org/CS/Fra/FRA_410.html
4;Listes outils;41;Listes;411;MOT OUTIL;;https://aciege.org/CS/Fra/FRA_411.html
4;Listes outils;41;Listes;412;TYPE DE DOCUMENT;;https://aciege.org/CS/Fra/FRA_412.html
4;Listes outils;41;Listes;413;ORGANISATION INTERNATIONALE;;https://aciege.org/CS/Fra/FRA_413.html
4;Listes outils;41;Listes;414;ORGANISME FRANCAIS;;https://aciege.org/CS/Fra/FRA_414.html
4;Listes outils;41;Listes;415;ZONE GEOPOLITIQUE;;https://aciege.org/CS/Fra/FRA_415.html
4;Listes outils;41;Listes;416;ACCORD INTERNATIONAL;;https://aciege.org/CS/Fra/FRA_416.html
4;Listes outils;42;Secteurs d'activité;420;AGROALIMENTAIRE SECTEUR;https://aciege.org/Schm/Fra/FRA_420.html;https://aciege.org/CS/Fra/FRA_420.html
4;Listes outils;42;Secteurs d'activité;421;EXPLOITATION DU MILIEU NATUREL SECTEUR;https://aciege.org/Schm/Fra/FRA_421.html;https://aciege.org/CS/Fra/FRA_421.html
4;Listes outils;42;Secteurs d'activité;422;TRAVAIL DES METAUX SECTEUR;https://aciege.org/Schm/Fra/FRA_422.html;https://aciege.org/CS/Fra/FRA_422.html
4;Listes outils;42;Secteurs d'activité;423;ELECTRICITE ET ELECTRONIQUE SECTEUR;https://aciege.org/Schm/Fra/FRA_423.html;https://aciege.org/CS/Fra/FRA_423.html
4;Listes outils;42;Secteurs d'activité;424;CHIMIE SECTEUR;https://aciege.org/Schm/Fra/FRA_424.html;https://aciege.org/CS/Fra/FRA_424.html
4;Listes outils;42;Secteurs d'activité;425;INDUSTRIE DE TRANSFORMATION SECTEUR;https://aciege.org/Schm/Fra/FRA_425.html;https://aciege.org/CS/Fra/FRA_425.html
4;Listes outils;42;Secteurs d'activité;426;INDUSTRIES DIVERSES SECTEUR;https://aciege.org/Schm/Fra/FRA_426.html;https://aciege.org/CS/Fra/FRA_426.html
4;Listes outils;42;Secteurs d'activité;427;BATIMENT ET TRAVAUX PUBLICS SECTEUR;https://aciege.org/Schm/Fra/FRA_427.html;https://aciege.org/CS/Fra/FRA_427.html
4;Listes outils;42;Secteurs d'activité;428;AUXILIAIRE DE L'ENTREPRISE SECTEUR;https://aciege.org/Schm/Fra/FRA_428.html;https://aciege.org/CS/Fra/FRA_428.html
4;Listes outils;42;Secteurs d'activité;429;SERVICE SECTEUR;https://aciege.org/Schm/Fra/FRA_429.html;https://aciege.org/CS/Fra/FRA_429.html
0;Géographie;00;France;001;REGION FRANCAISE;;https://aciege.org/CS/Fra/FRA_001.html
0;Géographie;00;France;002;DOM TOM;;https://aciege.org/CS/Fra/FRA_002.html
0;Géographie;01;Europe;011;EUROPE;;https://aciege.org/CS/Fra/FRA_011.html
0;Géographie;02;Amérique;021;AMERIQUE;;https://aciege.org/CS/Fra/FRA_021.html
0;Géographie;03;Afrique;031;AFRIQUE;;https://aciege.org/CS/Fra/FRA_031.html
0;Géographie;04;Asie;041;ASIE;;https://aciege.org/CS/Fra/FRA_041.html
0;Géographie;05;Océanie;051;OCEANIE;;https://aciege.org/CS/Fra/FRA_051.html
0;Géographie;06;Antarctique;061;CERCLE POLAIRE;;https://aciege.org/CS/Fra/FRA_061.html
